{"spectral_mse": 126.62300109863281, "mfcc_dist": 24905.740234375, "onset_f1": 0.85, "note_f1": 0.78}