{"spectral_mse": 126.62300109863281, "mfcc_dist": 24905.740234375, "onset_f1": 0.8233769989013672, "note_f1": 0.721721248626709, "separation_sdr": 21.955110549926758, "status": "success"}