{"spectral_mse": 26.97127342224121, "mfcc_dist": 7762.7900390625, "onset_f1": 0.85, "note_f1": 0.78}